CITY_CODE;CITY_NAME;TOTAL_VOTERS;ISSUED_VOTES;VALID_VOTES;PARTIES
535010;Bìleè;262;181;181;Obèanská demokratická strana|Èeská str.sociálnì demokrat.|STAROSTOVÉ A NEZÁVISLÍ|Komunistická str.Èech a Moravy|Strana zelenıch|ROZUMNÍ-stop migraci,diktát.EU|Èeská pirátská strana|TOP 09|ANO 2011|Køes.demokr.unie-Ès.str.lid.|REALISTÉ|SPORTOVCI|Dìlnic.str.sociální spravedl.|Svob.a pø.dem.-T.Okamura (SPD)|Strana Práv Obèanù
532070;Bìloky;135;102;101;Obèanská demokratická strana|Èeská str.sociálnì demokrat.|STAROSTOVÉ A NEZÁVISLÍ|Komunistická str.Èech a Moravy|Strana zelenıch|Strana svobodnıch obèanù|Èeská pirátská strana|TOP 09|ANO 2011|Køes.demokr.unie-Ès.str.lid.|Svob.a pø.dem.-T.Okamura (SPD)
532088;Beøovice;272;152;152;Obèanská demokratická strana|Èeská str.sociálnì demokrat.|STAROSTOVÉ A NEZÁVISLÍ|Komunistická str.Èech a Moravy|Strana zelenıch|ROZUMNÍ-stop migraci,diktát.EU|Strana svobodnıch obèanù|Blok proti islam.-Obran.domova|Èeská pirátská strana|TOP 09|ANO 2011|SPR-Republ.str.Èsl. M.Sládka|Svob.a pø.dem.-T.Okamura (SPD)
535125;Bílichov;155;99;99;Obèanská demokratická strana|Èeská str.sociálnì demokrat.|STAROSTOVÉ A NEZÁVISLÍ|Komunistická str.Èech a Moravy|Strana svobodnıch obèanù|Èeská pirátská strana|TOP 09|ANO 2011|Køes.demokr.unie-Ès.str.lid.|Svob.a pø.dem.-T.Okamura (SPD)|Strana Práv Obèanù
532100;Blevice;243;172;171;Obèanská demokratická strana|Øád národa - Vlastenecká unie|Èeská str.sociálnì demokrat.|STAROSTOVÉ A NEZÁVISLÍ|Komunistická str.Èech a Moravy|Strana zelenıch|ROZUMNÍ-stop migraci,diktát.EU|Strana svobodnıch obèanù|Èeská pirátská strana|TOP 09|ANO 2011|SPR-Republ.str.Èsl. M.Sládka|Køes.demokr.unie-Ès.str.lid.|REALISTÉ|Dìlnic.str.sociální spravedl.|Svob.a pø.dem.-T.Okamura (SPD)|Strana Práv Obèanù
532118;Brandısek;1438;894;883;Obèanská demokratická strana|Øád národa - Vlastenecká unie|CESTA ODPOVÌDNÉ SPOLEÈNOSTI|Èeská str.sociálnì demokrat.|Radostné Èesko|STAROSTOVÉ A NEZÁVISLÍ|Komunistická str.Èech a Moravy|Strana zelenıch|ROZUMNÍ-stop migraci,diktát.EU|Strana svobodnıch obèanù|Blok proti islam.-Obran.domova|Èeská pirátská strana|TOP 09|ANO 2011|SPR-Republ.str.Èsl. M.Sládka|Køes.demokr.unie-Ès.str.lid.|REALISTÉ|SPORTOVCI|Dìlnic.str.sociální spravedl.|Svob.a pø.dem.-T.Okamura (SPD)|Strana Práv Obèanù
532126;Braškov;847;625;619;Obèanská demokratická strana|Èeská str.sociálnì demokrat.|STAROSTOVÉ A NEZÁVISLÍ|Komunistická str.Èech a Moravy|Strana zelenıch|ROZUMNÍ-stop migraci,diktát.EU|Strana svobodnıch obèanù|Èeská pirátská strana|TOP 09|ANO 2011|SPR-Republ.str.Èsl. M.Sládka|Køes.demokr.unie-Ès.str.lid.|REALISTÉ|Dìlnic.str.sociální spravedl.|Svob.a pø.dem.-T.Okamura (SPD)
532142;Bratronice;749;489;487;Obèanská demokratická strana|Èeská str.sociálnì demokrat.|Radostné Èesko|STAROSTOVÉ A NEZÁVISLÍ|Komunistická str.Èech a Moravy|Strana zelenıch|ROZUMNÍ-stop migraci,diktát.EU|Strana svobodnıch obèanù|Èeská pirátská strana|Referendum o Evropské unii|TOP 09|ANO 2011|SPR-Republ.str.Èsl. M.Sládka|Køes.demokr.unie-Ès.str.lid.|REALISTÉ|SPORTOVCI|Svob.a pø.dem.-T.Okamura (SPD)|Strana Práv Obèanù
532169;Buštìhrad;2508;1645;1639;Obèanská demokratická strana|CESTA ODPOVÌDNÉ SPOLEÈNOSTI|Èeská str.sociálnì demokrat.|Radostné Èesko|STAROSTOVÉ A NEZÁVISLÍ|Komunistická str.Èech a Moravy|Strana zelenıch|ROZUMNÍ-stop migraci,diktát.EU|Strana svobodnıch obèanù|Blok proti islam.-Obran.domova|Obèanská demokratická aliance|Èeská pirátská strana|Referendum o Evropské unii|TOP 09|ANO 2011|SPR-Republ.str.Èsl. M.Sládka|Køes.demokr.unie-Ès.str.lid.|Èeská strana národnì sociální|REALISTÉ|SPORTOVCI|Dìlnic.str.sociální spravedl.|Svob.a pø.dem.-T.Okamura (SPD)|Strana Práv Obèanù
532185;Cvrèovice;568;354;353;Obèanská demokratická strana|Øád národa - Vlastenecká unie|Èeská str.sociálnì demokrat.|Radostné Èesko|STAROSTOVÉ A NEZÁVISLÍ|Komunistická str.Èech a Moravy|Strana zelenıch|ROZUMNÍ-stop migraci,diktát.EU|Strana svobodnıch obèanù|Èeská pirátská strana|TOP 09|ANO 2011|Køes.demokr.unie-Ès.str.lid.|REALISTÉ|Svob.a pø.dem.-T.Okamura (SPD)|Strana Práv Obèanù
532207;Èernuc;810;418;414;Obèanská demokratická strana|Øád národa - Vlastenecká unie|Èeská str.sociálnì demokrat.|STAROSTOVÉ A NEZÁVISLÍ|Komunistická str.Èech a Moravy|Strana zelenıch|ROZUMNÍ-stop migraci,diktát.EU|Strana svobodnıch obèanù|Blok proti islam.-Obran.domova|Èeská pirátská strana|Referendum o Evropské unii|TOP 09|ANO 2011|SPR-Republ.str.Èsl. M.Sládka|Køes.demokr.unie-Ès.str.lid.|REALISTÉ|Svob.a pø.dem.-T.Okamura (SPD)|Strana Práv Obèanù
532223;Doksy;1263;811;806;Obèanská demokratická strana|Øád národa - Vlastenecká unie|Èeská str.sociálnì demokrat.|Radostné Èesko|STAROSTOVÉ A NEZÁVISLÍ|Komunistická str.Èech a Moravy|Strana zelenıch|ROZUMNÍ-stop migraci,diktát.EU|Strana svobodnıch obèanù|Obèanská demokratická aliance|Èeská pirátská strana|TOP 09|ANO 2011|SPR-Republ.str.Èsl. M.Sládka|Køes.demokr.unie-Ès.str.lid.|REALISTÉ|SPORTOVCI|Svob.a pø.dem.-T.Okamura (SPD)|Strana Práv Obèanù
513130;Dolany;188;131;129;Obèanská demokratická strana|Èeská str.sociálnì demokrat.|STAROSTOVÉ A NEZÁVISLÍ|Komunistická str.Èech a Moravy|Strana zelenıch|ROZUMNÍ-stop migraci,diktát.EU|Strana svobodnıch obèanù|Èeská pirátská strana|Unie H.A.V.E.L.|TOP 09|ANO 2011|SPR-Republ.str.Èsl. M.Sládka|Køes.demokr.unie-Ès.str.lid.|REALISTÉ|Svob.a pø.dem.-T.Okamura (SPD)|Strana Práv Obèanù
512991;Drnek;141;100;100;Obèanská demokratická strana|Èeská str.sociálnì demokrat.|STAROSTOVÉ A NEZÁVISLÍ|Komunistická str.Èech a Moravy|ROZUMNÍ-stop migraci,diktát.EU|Strana svobodnıch obèanù|Blok proti islam.-Obran.domova|Èeská pirátská strana|TOP 09|ANO 2011|Køes.demokr.unie-Ès.str.lid.|Svob.a pø.dem.-T.Okamura (SPD)
532274;Druec;830;564;563;Obèanská demokratická strana|Øád národa - Vlastenecká unie|CESTA ODPOVÌDNÉ SPOLEÈNOSTI|Èeská str.sociálnì demokrat.|Radostné Èesko|STAROSTOVÉ A NEZÁVISLÍ|Komunistická str.Èech a Moravy|Strana zelenıch|ROZUMNÍ-stop migraci,diktát.EU|Strana svobodnıch obèanù|Blok proti islam.-Obran.domova|Èeská pirátská strana|TOP 09|ANO 2011|SPR-Republ.str.Èsl. M.Sládka|Køes.demokr.unie-Ès.str.lid.|REALISTÉ|Svob.a pø.dem.-T.Okamura (SPD)|Strana Práv Obèanù
532282;Døetovice;366;226;224;Obèanská demokratická strana|Èeská str.sociálnì demokrat.|STAROSTOVÉ A NEZÁVISLÍ|Komunistická str.Èech a Moravy|Strana zelenıch|ROZUMNÍ-stop migraci,diktát.EU|Strana svobodnıch obèanù|Blok proti islam.-Obran.domova|Obèanská demokratická aliance|Èeská pirátská strana|TOP 09|ANO 2011|SPR-Republ.str.Èsl. M.Sládka|REALISTÉ|SPORTOVCI|Svob.a pø.dem.-T.Okamura (SPD)
532291;Døínov;255;140;140;Obèanská demokratická strana|Øád národa - Vlastenecká unie|CESTA ODPOVÌDNÉ SPOLEÈNOSTI|Èeská str.sociálnì demokrat.|STAROSTOVÉ A NEZÁVISLÍ|Komunistická str.Èech a Moravy|Strana svobodnıch obèanù|Èeská pirátská strana|TOP 09|ANO 2011|Køes.demokr.unie-Ès.str.lid.|Dìlnic.str.sociální spravedl.|Svob.a pø.dem.-T.Okamura (SPD)
513075;Hobšovice;282;141;141;Obèanská demokratická strana|Èeská str.sociálnì demokrat.|STAROSTOVÉ A NEZÁVISLÍ|Komunistická str.Èech a Moravy|Strana zelenıch|Strana svobodnıch obèanù|Obèanská demokratická aliance|Èeská pirátská strana|TOP 09|ANO 2011|SPR-Republ.str.Èsl. M.Sládka|Køes.demokr.unie-Ès.str.lid.|REALISTÉ|Dìlnic.str.sociální spravedl.|Svob.a pø.dem.-T.Okamura (SPD)
532312;Horní Bezdìkov;482;381;381;Obèanská demokratická strana|Èeská str.sociálnì demokrat.|STAROSTOVÉ A NEZÁVISLÍ|Komunistická str.Èech a Moravy|Strana zelenıch|ROZUMNÍ-stop migraci,diktát.EU|Strana svobodnıch obèanù|Obèanská demokratická aliance|Èeská pirátská strana|TOP 09|ANO 2011|Køes.demokr.unie-Ès.str.lid.|REALISTÉ|Svob.a pø.dem.-T.Okamura (SPD)
532321;Hoøešovice;214;144;142;Obèanská demokratická strana|Èeská str.sociálnì demokrat.|STAROSTOVÉ A NEZÁVISLÍ|Komunistická str.Èech a Moravy|Strana zelenıch|Strana svobodnıch obèanù|Èeská pirátská strana|TOP 09|ANO 2011|SPR-Republ.str.Èsl. M.Sládka|Køes.demokr.unie-Ès.str.lid.|Svob.a pø.dem.-T.Okamura (SPD)
535150;Hoøešovièky;99;60;60;Obèanská demokratická strana|Èeská str.sociálnì demokrat.|STAROSTOVÉ A NEZÁVISLÍ|Komunistická str.Èech a Moravy|Strana svobodnıch obèanù|Èeská pirátská strana|TOP 09|ANO 2011|Køes.demokr.unie-Ès.str.lid.|Svob.a pø.dem.-T.Okamura (SPD)
532339;Hospozín;415;192;191;Obèanská demokratická strana|Øád národa - Vlastenecká unie|Èeská str.sociálnì demokrat.|STAROSTOVÉ A NEZÁVISLÍ|Komunistická str.Èech a Moravy|Strana zelenıch|Strana svobodnıch obèanù|Èeská pirátská strana|Referendum o Evropské unii|TOP 09|ANO 2011|SPR-Republ.str.Èsl. M.Sládka|Køes.demokr.unie-Ès.str.lid.|Dìlnic.str.sociální spravedl.|Svob.a pø.dem.-T.Okamura (SPD)
532347;Hostouò;915;573;568;Obèanská demokratická strana|Èeská str.sociálnì demokrat.|Radostné Èesko|STAROSTOVÉ A NEZÁVISLÍ|Komunistická str.Èech a Moravy|Strana zelenıch|ROZUMNÍ-stop migraci,diktát.EU|Strana svobodnıch obèanù|Blok proti islam.-Obran.domova|Obèanská demokratická aliance|Èeská pirátská strana|Referendum o Evropské unii|TOP 09|ANO 2011|SPR-Republ.str.Èsl. M.Sládka|Køes.demokr.unie-Ès.str.lid.|REALISTÉ|SPORTOVCI|Dìlnic.str.sociální spravedl.|Svob.a pø.dem.-T.Okamura (SPD)|Strana Práv Obèanù
532355;Hradeèno;409;264;263;Obèanská demokratická strana|Èeská str.sociálnì demokrat.|STAROSTOVÉ A NEZÁVISLÍ|Komunistická str.Èech a Moravy|Strana zelenıch|ROZUMNÍ-stop migraci,diktát.EU|Strana svobodnıch obèanù|Èeská pirátská strana|TOP 09|ANO 2011|Køes.demokr.unie-Ès.str.lid.|REALISTÉ|Dìlnic.str.sociální spravedl.|Svob.a pø.dem.-T.Okamura (SPD)|Strana Práv Obèanù
532363;Hrdlív;392;251;250;Obèanská demokratická strana|Èeská str.sociálnì demokrat.|STAROSTOVÉ A NEZÁVISLÍ|Komunistická str.Èech a Moravy|Strana zelenıch|ROZUMNÍ-stop migraci,diktát.EU|Strana svobodnıch obèanù|Èeská pirátská strana|TOP 09|ANO 2011|SPR-Republ.str.Èsl. M.Sládka|Køes.demokr.unie-Ès.str.lid.|REALISTÉ|SPORTOVCI|Svob.a pø.dem.-T.Okamura (SPD)
532371;Høebeè;1528;979;946;Obèanská demokratická strana|Øád národa - Vlastenecká unie|CESTA ODPOVÌDNÉ SPOLEÈNOSTI|Èeská str.sociálnì demokrat.|STAROSTOVÉ A NEZÁVISLÍ|Komunistická str.Èech a Moravy|Strana zelenıch|ROZUMNÍ-stop migraci,diktát.EU|Strana svobodnıch obèanù|Blok proti islam.-Obran.domova|Obèanská demokratická aliance|Èeská pirátská strana|Unie H.A.V.E.L.|TOP 09|ANO 2011|SPR-Republ.str.Èsl. M.Sládka|Køes.demokr.unie-Ès.str.lid.|Èeská strana národnì sociální|REALISTÉ|Dìlnic.str.sociální spravedl.|Svob.a pø.dem.-T.Okamura (SPD)|Strana Práv Obèanù
532398;Chrín;204;124;124;Obèanská demokratická strana|Èeská str.sociálnì demokrat.|Radostné Èesko|STAROSTOVÉ A NEZÁVISLÍ|Komunistická str.Èech a Moravy|Strana zelenıch|Strana svobodnıch obèanù|Èeská pirátská strana|Referendum o Evropské unii|TOP 09|ANO 2011|REALISTÉ|Dìlnic.str.sociální spravedl.|Svob.a pø.dem.-T.Okamura (SPD)
532401;Jarpice;228;137;137;Obèanská demokratická strana|Èeská str.sociálnì demokrat.|Radostné Èesko|STAROSTOVÉ A NEZÁVISLÍ|Komunistická str.Èech a Moravy|Strana zelenıch|ROZUMNÍ-stop migraci,diktát.EU|Èeská pirátská strana|TOP 09|ANO 2011|Køes.demokr.unie-Ès.str.lid.|Svob.a pø.dem.-T.Okamura (SPD)
532410;Jedomìlice;305;203;202;Obèanská demokratická strana|Èeská str.sociálnì demokrat.|STAROSTOVÉ A NEZÁVISLÍ|Komunistická str.Èech a Moravy|Strana zelenıch|ROZUMNÍ-stop migraci,diktát.EU|Strana svobodnıch obèanù|Èeská pirátská strana|Referendum o Evropské unii|TOP 09|ANO 2011|SPR-Republ.str.Èsl. M.Sládka|Køes.demokr.unie-Ès.str.lid.|REALISTÉ|Dìlnic.str.sociální spravedl.|Svob.a pø.dem.-T.Okamura (SPD)
532428;Jemníky;204;142;142;Obèanská demokratická strana|Èeská str.sociálnì demokrat.|STAROSTOVÉ A NEZÁVISLÍ|Komunistická str.Èech a Moravy|Strana zelenıch|Obèanská demokratická aliance|Èeská pirátská strana|TOP 09|ANO 2011|Køes.demokr.unie-Ès.str.lid.|REALISTÉ|Svob.a pø.dem.-T.Okamura (SPD)
532444;Kaèice;990;612;612;Obèanská demokratická strana|Èeská str.sociálnì demokrat.|STAROSTOVÉ A NEZÁVISLÍ|Komunistická str.Èech a Moravy|Strana zelenıch|ROZUMNÍ-stop migraci,diktát.EU|Strana svobodnıch obèanù|Blok proti islam.-Obran.domova|Èeská pirátská strana|Unie H.A.V.E.L.|TOP 09|ANO 2011|SPR-Republ.str.Èsl. M.Sládka|Køes.demokr.unie-Ès.str.lid.|REALISTÉ|Svob.a pø.dem.-T.Okamura (SPD)|Strana Práv Obèanù
532452;Kamenné ehrovice;1426;930;923;Obèanská demokratická strana|Øád národa - Vlastenecká unie|Èeská str.sociálnì demokrat.|Radostné Èesko|STAROSTOVÉ A NEZÁVISLÍ|Komunistická str.Èech a Moravy|Strana zelenıch|ROZUMNÍ-stop migraci,diktát.EU|Strana svobodnıch obèanù|Blok proti islam.-Obran.domova|Èeská pirátská strana|Unie H.A.V.E.L.|TOP 09|ANO 2011|Dobrá volba 2016|SPR-Republ.str.Èsl. M.Sládka|Køes.demokr.unie-Ès.str.lid.|REALISTÉ|SPORTOVCI|Svob.a pø.dem.-T.Okamura (SPD)
513032;Kamennı Most;356;197;196;Obèanská demokratická strana|Èeská str.sociálnì demokrat.|STAROSTOVÉ A NEZÁVISLÍ|Komunistická str.Èech a Moravy|Strana zelenıch|ROZUMNÍ-stop migraci,diktát.EU|Strana svobodnıch obèanù|Èeská pirátská strana|Unie H.A.V.E.L.|Referendum o Evropské unii|TOP 09|ANO 2011|Køes.demokr.unie-Ès.str.lid.|Èeská strana národnì sociální|SPORTOVCI|Svob.a pø.dem.-T.Okamura (SPD)|Strana Práv Obèanù
532053;Kladno;53652;29228;29034;Obèanská demokratická strana|Øád národa - Vlastenecká unie|CESTA ODPOVÌDNÉ SPOLEÈNOSTI|Èeská str.sociálnì demokrat.|Radostné Èesko|STAROSTOVÉ A NEZÁVISLÍ|Komunistická str.Èech a Moravy|Strana zelenıch|ROZUMNÍ-stop migraci,diktát.EU|Strana svobodnıch obèanù|Blok proti islam.-Obran.domova|Obèanská demokratická aliance|Èeská pirátská strana|Unie H.A.V.E.L.|Referendum o Evropské unii|TOP 09|ANO 2011|Dobrá volba 2016|SPR-Republ.str.Èsl. M.Sládka|Køes.demokr.unie-Ès.str.lid.|Èeská strana národnì sociální|REALISTÉ|SPORTOVCI|Dìlnic.str.sociální spravedl.|Svob.a pø.dem.-T.Okamura (SPD)|Strana Práv Obèanù
532461;Klobuky;822;434;430;Obèanská demokratická strana|Èeská str.sociálnì demokrat.|STAROSTOVÉ A NEZÁVISLÍ|Komunistická str.Èech a Moravy|Strana zelenıch|ROZUMNÍ-stop migraci,diktát.EU|Strana svobodnıch obèanù|Èeská pirátská strana|TOP 09|ANO 2011|Dobrá volba 2016|SPR-Republ.str.Èsl. M.Sládka|Køes.demokr.unie-Ès.str.lid.|SPORTOVCI|Dìlnic.str.sociální spravedl.|Svob.a pø.dem.-T.Okamura (SPD)|Strana Práv Obèanù
532479;Kmetinìves;228;137;136;Obèanská demokratická strana|Øád národa - Vlastenecká unie|Èeská str.sociálnì demokrat.|STAROSTOVÉ A NEZÁVISLÍ|Komunistická str.Èech a Moravy|Strana zelenıch|ROZUMNÍ-stop migraci,diktát.EU|Strana svobodnıch obèanù|Èeská pirátská strana|TOP 09|ANO 2011|Køes.demokr.unie-Ès.str.lid.|SPORTOVCI|Svob.a pø.dem.-T.Okamura (SPD)|Strana Práv Obèanù
532487;Knovíz;446;276;275;Obèanská demokratická strana|Èeská str.sociálnì demokrat.|STAROSTOVÉ A NEZÁVISLÍ|Komunistická str.Èech a Moravy|Strana zelenıch|ROZUMNÍ-stop migraci,diktát.EU|Strana svobodnıch obèanù|Blok proti islam.-Obran.domova|Obèanská demokratická aliance|Èeská pirátská strana|TOP 09|ANO 2011|SPR-Republ.str.Èsl. M.Sládka|Køes.demokr.unie-Ès.str.lid.|REALISTÉ|Svob.a pø.dem.-T.Okamura (SPD)|Strana Práv Obèanù
532495;Koleè;484;270;269;Obèanská demokratická strana|Èeská str.sociálnì demokrat.|STAROSTOVÉ A NEZÁVISLÍ|Komunistická str.Èech a Moravy|Strana zelenıch|Strana svobodnıch obèanù|Èeská pirátská strana|TOP 09|ANO 2011|Dobrá volba 2016|Køes.demokr.unie-Ès.str.lid.|REALISTÉ|Dìlnic.str.sociální spravedl.|Svob.a pø.dem.-T.Okamura (SPD)|Strana Práv Obèanù
535109;Královice;173;124;124;Obèanská demokratická strana|Èeská str.sociálnì demokrat.|STAROSTOVÉ A NEZÁVISLÍ|Komunistická str.Èech a Moravy|Strana zelenıch|Strana svobodnıch obèanù|Èeská pirátská strana|TOP 09|ANO 2011|Køes.demokr.unie-Ès.str.lid.|REALISTÉ|Svob.a pø.dem.-T.Okamura (SPD)
571512;Kutrovice;89;52;52;Obèanská demokratická strana|Èeská str.sociálnì demokrat.|STAROSTOVÉ A NEZÁVISLÍ|Komunistická str.Èech a Moravy|Strana svobodnıch obèanù|Èeská pirátská strana|TOP 09|ANO 2011|Svob.a pø.dem.-T.Okamura (SPD)
532517;Kvílice;63;39;39;Obèanská demokratická strana|Èeská str.sociálnì demokrat.|Komunistická str.Èech a Moravy|Èeská pirátská strana|ANO 2011|Køes.demokr.unie-Ès.str.lid.|Svob.a pø.dem.-T.Okamura (SPD)|Strana Práv Obèanù
532525;Kyšice;496;338;338;Obèanská demokratická strana|Èeská str.sociálnì demokrat.|STAROSTOVÉ A NEZÁVISLÍ|Komunistická str.Èech a Moravy|Strana zelenıch|ROZUMNÍ-stop migraci,diktát.EU|Strana svobodnıch obèanù|Èeská pirátská strana|Unie H.A.V.E.L.|Referendum o Evropské unii|TOP 09|ANO 2011|Køes.demokr.unie-Ès.str.lid.|REALISTÉ|SPORTOVCI|Svob.a pø.dem.-T.Okamura (SPD)|Strana Práv Obèanù
541991;Lány;1626;1046;1032;Obèanská demokratická strana|Øád národa - Vlastenecká unie|Èeská str.sociálnì demokrat.|Radostné Èesko|STAROSTOVÉ A NEZÁVISLÍ|Komunistická str.Èech a Moravy|Strana zelenıch|ROZUMNÍ-stop migraci,diktát.EU|Strana svobodnıch obèanù|Blok proti islam.-Obran.domova|Obèanská demokratická aliance|Èeská pirátská strana|Unie H.A.V.E.L.|Referendum o Evropské unii|TOP 09|ANO 2011|Dobrá volba 2016|Køes.demokr.unie-Ès.str.lid.|Èeská strana národnì sociální|REALISTÉ|SPORTOVCI|Dìlnic.str.sociální spravedl.|Svob.a pø.dem.-T.Okamura (SPD)|Strana Práv Obèanù
532533;Ledce;380;247;244;Obèanská demokratická strana|Èeská str.sociálnì demokrat.|STAROSTOVÉ A NEZÁVISLÍ|Komunistická str.Èech a Moravy|Strana zelenıch|ROZUMNÍ-stop migraci,diktát.EU|Strana svobodnıch obèanù|Èeská pirátská strana|Unie H.A.V.E.L.|TOP 09|ANO 2011|Køes.demokr.unie-Ès.str.lid.|REALISTÉ|Svob.a pø.dem.-T.Okamura (SPD)
513041;Lhota;495;363;362;Obèanská demokratická strana|Øád národa - Vlastenecká unie|Èeská str.sociálnì demokrat.|STAROSTOVÉ A NEZÁVISLÍ|Komunistická str.Èech a Moravy|Strana zelenıch|ROZUMNÍ-stop migraci,diktát.EU|Strana svobodnıch obèanù|Blok proti islam.-Obran.domova|Obèanská demokratická aliance|Èeská pirátská strana|Referendum o Evropské unii|TOP 09|ANO 2011|SPR-Republ.str.Èsl. M.Sládka|Køes.demokr.unie-Ès.str.lid.|REALISTÉ|SPORTOVCI|Dìlnic.str.sociální spravedl.|Svob.a pø.dem.-T.Okamura (SPD)|Strana Práv Obèanù
564150;Libochovièky;49;40;40;Obèanská demokratická strana|STAROSTOVÉ A NEZÁVISLÍ|Komunistická str.Èech a Moravy|Èeská pirátská strana|TOP 09|ANO 2011|Køes.demokr.unie-Ès.str.lid.|Svob.a pø.dem.-T.Okamura (SPD)
571601;Libovice;266;180;180;Obèanská demokratická strana|Øád národa - Vlastenecká unie|Èeská str.sociálnì demokrat.|STAROSTOVÉ A NEZÁVISLÍ|Komunistická str.Èech a Moravy|Strana zelenıch|ROZUMNÍ-stop migraci,diktát.EU|Strana svobodnıch obèanù|Èeská pirátská strana|Referendum o Evropské unii|TOP 09|ANO 2011|Køes.demokr.unie-Ès.str.lid.|SPORTOVCI|Svob.a pø.dem.-T.Okamura (SPD)|Strana Práv Obèanù
532576;Libušín;2410;1354;1348;Obèanská demokratická strana|Øád národa - Vlastenecká unie|CESTA ODPOVÌDNÉ SPOLEÈNOSTI|Èeská str.sociálnì demokrat.|Radostné Èesko|STAROSTOVÉ A NEZÁVISLÍ|Komunistická str.Èech a Moravy|Strana zelenıch|ROZUMNÍ-stop migraci,diktát.EU|Strana svobodnıch obèanù|Blok proti islam.-Obran.domova|Èeská pirátská strana|TOP 09|ANO 2011|Dobrá volba 2016|SPR-Republ.str.Èsl. M.Sládka|Køes.demokr.unie-Ès.str.lid.|Èeská strana národnì sociální|REALISTÉ|SPORTOVCI|Dìlnic.str.sociální spravedl.|Svob.a pø.dem.-T.Okamura (SPD)|Strana Práv Obèanù
532584;Lidice;425;333;331;Obèanská demokratická strana|Èeská str.sociálnì demokrat.|STAROSTOVÉ A NEZÁVISLÍ|Komunistická str.Èech a Moravy|Strana zelenıch|ROZUMNÍ-stop migraci,diktát.EU|Strana svobodnıch obèanù|Blok proti islam.-Obran.domova|Obèanská demokratická aliance|Èeská pirátská strana|Referendum o Evropské unii|TOP 09|ANO 2011|Køes.demokr.unie-Ès.str.lid.|SPORTOVCI|Svob.a pø.dem.-T.Okamura (SPD)|Strana Práv Obèanù
571555;Lískı;90;66;65;Obèanská demokratická strana|Èeská str.sociálnì demokrat.|STAROSTOVÉ A NEZÁVISLÍ|Komunistická str.Èech a Moravy|Strana zelenıch|Strana svobodnıch obèanù|Obèanská demokratická aliance|Èeská pirátská strana|TOP 09|ANO 2011|Svob.a pø.dem.-T.Okamura (SPD)
535095;Loucká;105;68;68;Obèanská demokratická strana|CESTA ODPOVÌDNÉ SPOLEÈNOSTI|Èeská str.sociálnì demokrat.|STAROSTOVÉ A NEZÁVISLÍ|Komunistická str.Èech a Moravy|ROZUMNÍ-stop migraci,diktát.EU|Strana svobodnıch obèanù|Èeská pirátská strana|TOP 09|ANO 2011|REALISTÉ|Svob.a pø.dem.-T.Okamura (SPD)
532622;Makotøasy;340;226;226;Obèanská demokratická strana|Èeská str.sociálnì demokrat.|STAROSTOVÉ A NEZÁVISLÍ|Komunistická str.Èech a Moravy|Strana zelenıch|ROZUMNÍ-stop migraci,diktát.EU|Strana svobodnıch obèanù|Èeská pirátská strana|TOP 09|ANO 2011|Dobrá volba 2016|Køes.demokr.unie-Ès.str.lid.|REALISTÉ|Svob.a pø.dem.-T.Okamura (SPD)
532631;Malé Kyšice;385;276;273;Obèanská demokratická strana|Øád národa - Vlastenecká unie|CESTA ODPOVÌDNÉ SPOLEÈNOSTI|Èeská str.sociálnì demokrat.|STAROSTOVÉ A NEZÁVISLÍ|Komunistická str.Èech a Moravy|Strana zelenıch|Strana svobodnıch obèanù|Èeská pirátská strana|TOP 09|ANO 2011|Køes.demokr.unie-Ès.str.lid.|REALISTÉ|Svob.a pø.dem.-T.Okamura (SPD)|Strana Práv Obèanù
513113;Malé Pøítoèno;199;136;134;Obèanská demokratická strana|Èeská str.sociálnì demokrat.|STAROSTOVÉ A NEZÁVISLÍ|Komunistická str.Èech a Moravy|Strana zelenıch|Strana svobodnıch obèanù|Obèanská demokratická aliance|Èeská pirátská strana|TOP 09|ANO 2011|Køes.demokr.unie-Ès.str.lid.|Svob.a pø.dem.-T.Okamura (SPD)
532657;Malíkovice;321;192;192;Obèanská demokratická strana|CESTA ODPOVÌDNÉ SPOLEÈNOSTI|Èeská str.sociálnì demokrat.|Radostné Èesko|STAROSTOVÉ A NEZÁVISLÍ|Komunistická str.Èech a Moravy|Strana zelenıch|ROZUMNÍ-stop migraci,diktát.EU|Strana svobodnıch obèanù|Èeská pirátská strana|TOP 09|ANO 2011|SPR-Republ.str.Èsl. M.Sládka|Køes.demokr.unie-Ès.str.lid.|REALISTÉ|SPORTOVCI|Svob.a pø.dem.-T.Okamura (SPD)
571521;Neprobylice;134;80;78;Obèanská demokratická strana|Èeská str.sociálnì demokrat.|STAROSTOVÉ A NEZÁVISLÍ|Komunistická str.Èech a Moravy|ROZUMNÍ-stop migraci,diktát.EU|Èeská pirátská strana|TOP 09|ANO 2011|SPORTOVCI|Dìlnic.str.sociální spravedl.|Svob.a pø.dem.-T.Okamura (SPD)
532665;Neumìøice;330;184;184;Obèanská demokratická strana|Èeská str.sociálnì demokrat.|STAROSTOVÉ A NEZÁVISLÍ|Komunistická str.Èech a Moravy|ROZUMNÍ-stop migraci,diktát.EU|Strana svobodnıch obèanù|Èeská pirátská strana|TOP 09|ANO 2011|Èeská strana národnì sociální|Dìlnic.str.sociální spravedl.|Svob.a pø.dem.-T.Okamura (SPD)|Strana Práv Obèanù
532681;Otvovice;598;388;385;Obèanská demokratická strana|Èeská str.sociálnì demokrat.|Radostné Èesko|STAROSTOVÉ A NEZÁVISLÍ|Komunistická str.Èech a Moravy|Strana zelenıch|ROZUMNÍ-stop migraci,diktát.EU|Strana svobodnıch obèanù|Blok proti islam.-Obran.domova|Obèanská demokratická aliance|Èeská pirátská strana|TOP 09|ANO 2011|SPR-Republ.str.Èsl. M.Sládka|Køes.demokr.unie-Ès.str.lid.|REALISTÉ|Dìlnic.str.sociální spravedl.|Svob.a pø.dem.-T.Okamura (SPD)|Strana Práv Obèanù
564192;Páleè;165;98;98;Obèanská demokratická strana|Øád národa - Vlastenecká unie|Èeská str.sociálnì demokrat.|STAROSTOVÉ A NEZÁVISLÍ|Komunistická str.Èech a Moravy|Strana zelenıch|Strana svobodnıch obèanù|Èeská pirátská strana|ANO 2011|SPR-Republ.str.Èsl. M.Sládka|Køes.demokr.unie-Ès.str.lid.|Dìlnic.str.sociální spravedl.|Svob.a pø.dem.-T.Okamura (SPD)
532711;Pavlov;135;86;85;Obèanská demokratická strana|Øád národa - Vlastenecká unie|Èeská str.sociálnì demokrat.|Radostné Èesko|STAROSTOVÉ A NEZÁVISLÍ|Komunistická str.Èech a Moravy|ROZUMNÍ-stop migraci,diktát.EU|Strana svobodnıch obèanù|Èeská pirátská strana|Unie H.A.V.E.L.|Referendum o Evropské unii|TOP 09|ANO 2011|Køes.demokr.unie-Ès.str.lid.|SPORTOVCI|Dìlnic.str.sociální spravedl.|Svob.a pø.dem.-T.Okamura (SPD)
532720;Pchery;1556;930;922;Obèanská demokratická strana|CESTA ODPOVÌDNÉ SPOLEÈNOSTI|Èeská str.sociálnì demokrat.|Radostné Èesko|STAROSTOVÉ A NEZÁVISLÍ|Komunistická str.Èech a Moravy|Strana zelenıch|ROZUMNÍ-stop migraci,diktát.EU|Strana svobodnıch obèanù|Blok proti islam.-Obran.domova|Obèanská demokratická aliance|Èeská pirátská strana|Unie H.A.V.E.L.|Referendum o Evropské unii|TOP 09|ANO 2011|Dobrá volba 2016|SPR-Republ.str.Èsl. M.Sládka|Køes.demokr.unie-Ès.str.lid.|REALISTÉ|Dìlnic.str.sociální spravedl.|Svob.a pø.dem.-T.Okamura (SPD)|Strana Práv Obèanù
532738;Pletenı Újezd;401;268;267;Obèanská demokratická strana|Øád národa - Vlastenecká unie|Èeská str.sociálnì demokrat.|STAROSTOVÉ A NEZÁVISLÍ|Komunistická str.Èech a Moravy|Strana zelenıch|ROZUMNÍ-stop migraci,diktát.EU|Blok proti islam.-Obran.domova|Obèanská demokratická aliance|Èeská pirátská strana|TOP 09|ANO 2011|Dobrá volba 2016|Køes.demokr.unie-Ès.str.lid.|Èeská strana národnì sociální|REALISTÉ|SPORTOVCI|Dìlnic.str.sociální spravedl.|Svob.a pø.dem.-T.Okamura (SPD)|Strana Práv Obèanù
564125;Plchov;158;104;104;Obèanská demokratická strana|Øád národa - Vlastenecká unie|Èeská str.sociálnì demokrat.|STAROSTOVÉ A NEZÁVISLÍ|Komunistická str.Èech a Moravy|Strana zelenıch|Èeská pirátská strana|TOP 09|ANO 2011|Køes.demokr.unie-Ès.str.lid.|Svob.a pø.dem.-T.Okamura (SPD)
532754;Podlešín;253;152;150;Obèanská demokratická strana|Èeská str.sociálnì demokrat.|Radostné Èesko|STAROSTOVÉ A NEZÁVISLÍ|Komunistická str.Èech a Moravy|Strana zelenıch|Strana svobodnıch obèanù|Blok proti islam.-Obran.domova|Èeská pirátská strana|TOP 09|ANO 2011|Køes.demokr.unie-Ès.str.lid.|Svob.a pø.dem.-T.Okamura (SPD)|Strana Práv Obèanù
564087;Poštovice;176;115;114;Obèanská demokratická strana|Èeská str.sociálnì demokrat.|STAROSTOVÉ A NEZÁVISLÍ|Komunistická str.Èech a Moravy|ROZUMNÍ-stop migraci,diktát.EU|Èeská pirátská strana|TOP 09|ANO 2011|Køes.demokr.unie-Ès.str.lid.|SPORTOVCI|Dìlnic.str.sociální spravedl.|Svob.a pø.dem.-T.Okamura (SPD)|Strana Práv Obèanù
532762;Pozdeò;336;228;227;Obèanská demokratická strana|Èeská str.sociálnì demokrat.|STAROSTOVÉ A NEZÁVISLÍ|Komunistická str.Èech a Moravy|Strana zelenıch|ROZUMNÍ-stop migraci,diktát.EU|Strana svobodnıch obèanù|Blok proti islam.-Obran.domova|Obèanská demokratická aliance|Èeská pirátská strana|TOP 09|ANO 2011|SPR-Republ.str.Èsl. M.Sládka|Køes.demokr.unie-Ès.str.lid.|Svob.a pø.dem.-T.Okamura (SPD)
532771;Pøelíc;317;198;198;Obèanská demokratická strana|Èeská str.sociálnì demokrat.|STAROSTOVÉ A NEZÁVISLÍ|Komunistická str.Èech a Moravy|Strana zelenıch|ROZUMNÍ-stop migraci,diktát.EU|Strana svobodnıch obèanù|Obèanská demokratická aliance|Èeská pirátská strana|Referendum o Evropské unii|TOP 09|ANO 2011|Køes.demokr.unie-Ès.str.lid.|REALISTÉ|SPORTOVCI|Svob.a pø.dem.-T.Okamura (SPD)|Strana Práv Obèanù
532797;Øisuty;290;194;193;Obèanská demokratická strana|Èeská str.sociálnì demokrat.|Radostné Èesko|STAROSTOVÉ A NEZÁVISLÍ|Komunistická str.Èech a Moravy|Strana zelenıch|ROZUMNÍ-stop migraci,diktát.EU|Strana svobodnıch obèanù|Blok proti islam.-Obran.domova|Èeská pirátská strana|TOP 09|ANO 2011|Køes.demokr.unie-Ès.str.lid.|REALISTÉ|Dìlnic.str.sociální spravedl.|Svob.a pø.dem.-T.Okamura (SPD)|Strana Práv Obèanù
532801;Sazená;257;159;158;Obèanská demokratická strana|Èeská str.sociálnì demokrat.|STAROSTOVÉ A NEZÁVISLÍ|Komunistická str.Èech a Moravy|Strana zelenıch|ROZUMNÍ-stop migraci,diktát.EU|Strana svobodnıch obèanù|Blok proti islam.-Obran.domova|Èeská pirátská strana|TOP 09|ANO 2011|SPR-Republ.str.Èsl. M.Sládka|Køes.demokr.unie-Ès.str.lid.|SPORTOVCI|Svob.a pø.dem.-T.Okamura (SPD)
532819;Slanı;12020;6948;6919;Obèanská demokratická strana|Øád národa - Vlastenecká unie|CESTA ODPOVÌDNÉ SPOLEÈNOSTI|Èeská str.sociálnì demokrat.|Radostné Èesko|STAROSTOVÉ A NEZÁVISLÍ|Komunistická str.Èech a Moravy|Strana zelenıch|ROZUMNÍ-stop migraci,diktát.EU|Strana svobodnıch obèanù|Blok proti islam.-Obran.domova|Obèanská demokratická aliance|Èeská pirátská strana|Unie H.A.V.E.L.|Referendum o Evropské unii|TOP 09|ANO 2011|Dobrá volba 2016|SPR-Republ.str.Èsl. M.Sládka|Køes.demokr.unie-Ès.str.lid.|REALISTÉ|SPORTOVCI|Dìlnic.str.sociální spravedl.|Svob.a pø.dem.-T.Okamura (SPD)|Strana Práv Obèanù
532827;Slatina;448;291;289;Obèanská demokratická strana|Èeská str.sociálnì demokrat.|STAROSTOVÉ A NEZÁVISLÍ|Komunistická str.Èech a Moravy|Strana zelenıch|Strana svobodnıch obèanù|Èeská pirátská strana|TOP 09|ANO 2011|Køes.demokr.unie-Ès.str.lid.|REALISTÉ|Dìlnic.str.sociální spravedl.|Svob.a pø.dem.-T.Okamura (SPD)|Strana Práv Obèanù
532835;Smeèno;1472;790;787;Obèanská demokratická strana|Øád národa - Vlastenecká unie|CESTA ODPOVÌDNÉ SPOLEÈNOSTI|Èeská str.sociálnì demokrat.|Radostné Èesko|STAROSTOVÉ A NEZÁVISLÍ|Komunistická str.Èech a Moravy|Strana zelenıch|ROZUMNÍ-stop migraci,diktát.EU|Strana svobodnıch obèanù|Èeská pirátská strana|Referendum o Evropské unii|TOP 09|ANO 2011|Dobrá volba 2016|SPR-Republ.str.Èsl. M.Sládka|Køes.demokr.unie-Ès.str.lid.|Èeská strana národnì sociální|REALISTÉ|SPORTOVCI|Svob.a pø.dem.-T.Okamura (SPD)|Strana Práv Obèanù
532851;Stehelèeves;616;392;391;Obèanská demokratická strana|Øád národa - Vlastenecká unie|Èeská str.sociálnì demokrat.|Radostné Èesko|STAROSTOVÉ A NEZÁVISLÍ|Komunistická str.Èech a Moravy|Strana zelenıch|ROZUMNÍ-stop migraci,diktát.EU|Strana svobodnıch obèanù|Èeská pirátská strana|Referendum o Evropské unii|TOP 09|ANO 2011|SPR-Republ.str.Èsl. M.Sládka|Køes.demokr.unie-Ès.str.lid.|REALISTÉ|Svob.a pø.dem.-T.Okamura (SPD)
532860;Stochov;4432;2325;2310;Obèanská demokratická strana|Øád národa - Vlastenecká unie|Èeská str.sociálnì demokrat.|Radostné Èesko|STAROSTOVÉ A NEZÁVISLÍ|Komunistická str.Èech a Moravy|Strana zelenıch|ROZUMNÍ-stop migraci,diktát.EU|Strana svobodnıch obèanù|Blok proti islam.-Obran.domova|Obèanská demokratická aliance|Èeská pirátská strana|Unie H.A.V.E.L.|Referendum o Evropské unii|TOP 09|ANO 2011|Dobrá volba 2016|SPR-Republ.str.Èsl. M.Sládka|Køes.demokr.unie-Ès.str.lid.|Èeská strana národnì sociální|REALISTÉ|SPORTOVCI|Dìlnic.str.sociální spravedl.|Svob.a pø.dem.-T.Okamura (SPD)|Strana Práv Obèanù
599441;Stradonice;95;45;45;Obèanská demokratická strana|Èeská str.sociálnì demokrat.|Komunistická str.Èech a Moravy|Strana svobodnıch obèanù|Èeská pirátská strana|TOP 09|ANO 2011|SPR-Republ.str.Èsl. M.Sládka|Køes.demokr.unie-Ès.str.lid.|Svob.a pø.dem.-T.Okamura (SPD)
551457;Studenìves;357;215;215;Obèanská demokratická strana|Øád národa - Vlastenecká unie|Èeská str.sociálnì demokrat.|STAROSTOVÉ A NEZÁVISLÍ|Komunistická str.Èech a Moravy|Strana zelenıch|ROZUMNÍ-stop migraci,diktát.EU|Strana svobodnıch obèanù|Èeská pirátská strana|TOP 09|ANO 2011|Køes.demokr.unie-Ès.str.lid.|REALISTÉ|Dìlnic.str.sociální spravedl.|Svob.a pø.dem.-T.Okamura (SPD)
599433;Svárov;429;306;303;Obèanská demokratická strana|Èeská str.sociálnì demokrat.|STAROSTOVÉ A NEZÁVISLÍ|Komunistická str.Èech a Moravy|Strana zelenıch|ROZUMNÍ-stop migraci,diktát.EU|Strana svobodnıch obèanù|Blok proti islam.-Obran.domova|Èeská pirátská strana|Referendum o Evropské unii|TOP 09|ANO 2011|Dobrá volba 2016|Køes.demokr.unie-Ès.str.lid.|REALISTÉ|Svob.a pø.dem.-T.Okamura (SPD)
532908;Svinaøov;578;364;359;Obèanská demokratická strana|Øád národa - Vlastenecká unie|Èeská str.sociálnì demokrat.|STAROSTOVÉ A NEZÁVISLÍ|Komunistická str.Èech a Moravy|Strana zelenıch|ROZUMNÍ-stop migraci,diktát.EU|Strana svobodnıch obèanù|Blok proti islam.-Obran.domova|Èeská pirátská strana|TOP 09|ANO 2011|Dobrá volba 2016|SPR-Republ.str.Èsl. M.Sládka|Køes.demokr.unie-Ès.str.lid.|REALISTÉ|Svob.a pø.dem.-T.Okamura (SPD)|Strana Práv Obèanù
532916;Šlapanice;143;79;79;Obèanská demokratická strana|Èeská str.sociálnì demokrat.|STAROSTOVÉ A NEZÁVISLÍ|Komunistická str.Èech a Moravy|Strana zelenıch|ROZUMNÍ-stop migraci,diktát.EU|Èeská pirátská strana|TOP 09|ANO 2011|Køes.demokr.unie-Ès.str.lid.|Svob.a pø.dem.-T.Okamura (SPD)
532959;Tøebichovice;471;283;283;Obèanská demokratická strana|Øád národa - Vlastenecká unie|Èeská str.sociálnì demokrat.|STAROSTOVÉ A NEZÁVISLÍ|Komunistická str.Èech a Moravy|Strana zelenıch|ROZUMNÍ-stop migraci,diktát.EU|Strana svobodnıch obèanù|Èeská pirátská strana|TOP 09|ANO 2011|Køes.demokr.unie-Ès.str.lid.|Èeská strana národnì sociální|REALISTÉ|SPORTOVCI|Dìlnic.str.sociální spravedl.|Svob.a pø.dem.-T.Okamura (SPD)|Strana Práv Obèanù
532967;Tøebíz;190;144;143;Obèanská demokratická strana|Èeská str.sociálnì demokrat.|STAROSTOVÉ A NEZÁVISLÍ|Komunistická str.Èech a Moravy|Strana zelenıch|ROZUMNÍ-stop migraci,diktát.EU|Strana svobodnıch obèanù|Obèanská demokratická aliance|Èeská pirátská strana|TOP 09|ANO 2011|Køes.demokr.unie-Ès.str.lid.|Svob.a pø.dem.-T.Okamura (SPD)
532975;Tøebusice;418;246;242;Obèanská demokratická strana|Èeská str.sociálnì demokrat.|STAROSTOVÉ A NEZÁVISLÍ|Komunistická str.Èech a Moravy|Strana zelenıch|ROZUMNÍ-stop migraci,diktát.EU|Strana svobodnıch obèanù|Èeská pirátská strana|Referendum o Evropské unii|TOP 09|ANO 2011|Køes.demokr.unie-Ès.str.lid.|REALISTÉ|SPORTOVCI|Dìlnic.str.sociální spravedl.|Svob.a pø.dem.-T.Okamura (SPD)|Strana Práv Obèanù
532983;Tuchlovice;1983;1314;1305;Obèanská demokratická strana|Øád národa - Vlastenecká unie|CESTA ODPOVÌDNÉ SPOLEÈNOSTI|Èeská str.sociálnì demokrat.|Radostné Èesko|STAROSTOVÉ A NEZÁVISLÍ|Komunistická str.Èech a Moravy|Strana zelenıch|ROZUMNÍ-stop migraci,diktát.EU|Strana svobodnıch obèanù|Blok proti islam.-Obran.domova|Èeská pirátská strana|TOP 09|ANO 2011|Dobrá volba 2016|SPR-Republ.str.Èsl. M.Sládka|Køes.demokr.unie-Ès.str.lid.|REALISTÉ|SPORTOVCI|Dìlnic.str.sociální spravedl.|Svob.a pø.dem.-T.Okamura (SPD)|Strana Práv Obèanù
532177;Tuøany;479;293;292;Obèanská demokratická strana|Èeská str.sociálnì demokrat.|Radostné Èesko|STAROSTOVÉ A NEZÁVISLÍ|Komunistická str.Èech a Moravy|Strana zelenıch|ROZUMNÍ-stop migraci,diktát.EU|Strana svobodnıch obèanù|Obèanská demokratická aliance|Èeská pirátská strana|Referendum o Evropské unii|TOP 09|ANO 2011|Køes.demokr.unie-Ès.str.lid.|Dìlnic.str.sociální spravedl.|Svob.a pø.dem.-T.Okamura (SPD)
533009;Uhy;288;148;148;Obèanská demokratická strana|Èeská str.sociálnì demokrat.|Radostné Èesko|STAROSTOVÉ A NEZÁVISLÍ|Komunistická str.Èech a Moravy|Strana zelenıch|ROZUMNÍ-stop migraci,diktát.EU|Strana svobodnıch obèanù|Obèanská demokratická aliance|Èeská pirátská strana|TOP 09|ANO 2011|REALISTÉ|Dìlnic.str.sociální spravedl.|Svob.a pø.dem.-T.Okamura (SPD)|Strana Práv Obèanù
533017;Unhoš;3626;2396;2376;Obèanská demokratická strana|Øád národa - Vlastenecká unie|CESTA ODPOVÌDNÉ SPOLEÈNOSTI|Èeská str.sociálnì demokrat.|Radostné Èesko|STAROSTOVÉ A NEZÁVISLÍ|Komunistická str.Èech a Moravy|Strana zelenıch|ROZUMNÍ-stop migraci,diktát.EU|Strana svobodnıch obèanù|Blok proti islam.-Obran.domova|Obèanská demokratická aliance|Èeská pirátská strana|Unie H.A.V.E.L.|Referendum o Evropské unii|TOP 09|ANO 2011|Dobrá volba 2016|SPR-Republ.str.Èsl. M.Sládka|Køes.demokr.unie-Ès.str.lid.|REALISTÉ|SPORTOVCI|Dìlnic.str.sociální spravedl.|Svob.a pø.dem.-T.Okamura (SPD)|Strana Práv Obèanù
533025;Velká Dobrá;1365;995;988;Obèanská demokratická strana|Øád národa - Vlastenecká unie|Èeská str.sociálnì demokrat.|Radostné Èesko|STAROSTOVÉ A NEZÁVISLÍ|Komunistická str.Èech a Moravy|Strana zelenıch|ROZUMNÍ-stop migraci,diktát.EU|Strana svobodnıch obèanù|Blok proti islam.-Obran.domova|Èeská pirátská strana|Unie H.A.V.E.L.|TOP 09|ANO 2011|SPR-Republ.str.Èsl. M.Sládka|Køes.demokr.unie-Ès.str.lid.|REALISTÉ|Dìlnic.str.sociální spravedl.|Svob.a pø.dem.-T.Okamura (SPD)|Strana Práv Obèanù
533033;Velké Pøítoèno;805;535;533;Obèanská demokratická strana|Èeská str.sociálnì demokrat.|STAROSTOVÉ A NEZÁVISLÍ|Komunistická str.Èech a Moravy|Strana zelenıch|ROZUMNÍ-stop migraci,diktát.EU|Strana svobodnıch obèanù|Blok proti islam.-Obran.domova|Obèanská demokratická aliance|Èeská pirátská strana|TOP 09|ANO 2011|Køes.demokr.unie-Ès.str.lid.|Èeská strana národnì sociální|REALISTÉ|Dìlnic.str.sociální spravedl.|Svob.a pø.dem.-T.Okamura (SPD)|Strana Práv Obèanù
533041;Velvary;2472;1448;1440;Obèanská demokratická strana|Øád národa - Vlastenecká unie|Èeská str.sociálnì demokrat.|Radostné Èesko|STAROSTOVÉ A NEZÁVISLÍ|Komunistická str.Èech a Moravy|Strana zelenıch|ROZUMNÍ-stop migraci,diktát.EU|Strana svobodnıch obèanù|Blok proti islam.-Obran.domova|Obèanská demokratická aliance|Èeská pirátská strana|TOP 09|ANO 2011|Dobrá volba 2016|SPR-Republ.str.Èsl. M.Sládka|Køes.demokr.unie-Ès.str.lid.|Èeská strana národnì sociální|REALISTÉ|SPORTOVCI|Dìlnic.str.sociální spravedl.|Svob.a pø.dem.-T.Okamura (SPD)|Strana Práv Obèanù
533050;Vinaøice;1984;1223;1219;Obèanská demokratická strana|CESTA ODPOVÌDNÉ SPOLEÈNOSTI|Èeská str.sociálnì demokrat.|Radostné Èesko|STAROSTOVÉ A NEZÁVISLÍ|Komunistická str.Èech a Moravy|Strana zelenıch|ROZUMNÍ-stop migraci,diktát.EU|Strana svobodnıch obèanù|Blok proti islam.-Obran.domova|Obèanská demokratická aliance|Èeská pirátská strana|Unie H.A.V.E.L.|TOP 09|ANO 2011|Dobrá volba 2016|SPR-Republ.str.Èsl. M.Sládka|Køes.demokr.unie-Ès.str.lid.|REALISTÉ|SPORTOVCI|Dìlnic.str.sociální spravedl.|Svob.a pø.dem.-T.Okamura (SPD)|Strana Práv Obèanù
533068;Vranı;580;309;308;Obèanská demokratická strana|Øád národa - Vlastenecká unie|CESTA ODPOVÌDNÉ SPOLEÈNOSTI|Èeská str.sociálnì demokrat.|STAROSTOVÉ A NEZÁVISLÍ|Komunistická str.Èech a Moravy|Strana zelenıch|ROZUMNÍ-stop migraci,diktát.EU|Strana svobodnıch obèanù|Èeská pirátská strana|TOP 09|ANO 2011|SPR-Republ.str.Èsl. M.Sládka|Køes.demokr.unie-Ès.str.lid.|Svob.a pø.dem.-T.Okamura (SPD)
571431;Vrbièany;187;88;88;Obèanská demokratická strana|Øád národa - Vlastenecká unie|CESTA ODPOVÌDNÉ SPOLEÈNOSTI|Èeská str.sociálnì demokrat.|Komunistická str.Èech a Moravy|Strana zelenıch|Èeská pirátská strana|ANO 2011|REALISTÉ|Svob.a pø.dem.-T.Okamura (SPD)
571598;Zájezd;92;58;57;Obèanská demokratická strana|Èeská str.sociálnì demokrat.|STAROSTOVÉ A NEZÁVISLÍ|Komunistická str.Èech a Moravy|ROZUMNÍ-stop migraci,diktát.EU|Strana svobodnıch obèanù|Blok proti islam.-Obran.domova|Èeská pirátská strana|TOP 09|ANO 2011|Dìlnic.str.sociální spravedl.|Svob.a pø.dem.-T.Okamura (SPD)
533092;Zákolany;454;287;287;Obèanská demokratická strana|Èeská str.sociálnì demokrat.|Radostné Èesko|STAROSTOVÉ A NEZÁVISLÍ|Komunistická str.Èech a Moravy|Strana zelenıch|ROZUMNÍ-stop migraci,diktát.EU|Strana svobodnıch obèanù|Obèanská demokratická aliance|Èeská pirátská strana|Referendum o Evropské unii|TOP 09|ANO 2011|Køes.demokr.unie-Ès.str.lid.|REALISTÉ|Svob.a pø.dem.-T.Okamura (SPD)
571423;Zichovec;119;105;105;Obèanská demokratická strana|Èeská str.sociálnì demokrat.|STAROSTOVÉ A NEZÁVISLÍ|Komunistická str.Èech a Moravy|Strana zelenıch|Strana svobodnıch obèanù|Èeská pirátská strana|TOP 09|ANO 2011|SPR-Republ.str.Èsl. M.Sládka|Køes.demokr.unie-Ès.str.lid.|Svob.a pø.dem.-T.Okamura (SPD)
533114;Zlonice;1806;881;876;Obèanská demokratická strana|Øád národa - Vlastenecká unie|Èeská str.sociálnì demokrat.|Radostné Èesko|STAROSTOVÉ A NEZÁVISLÍ|Komunistická str.Èech a Moravy|Strana zelenıch|ROZUMNÍ-stop migraci,diktát.EU|Strana svobodnıch obèanù|Blok proti islam.-Obran.domova|Èeská pirátská strana|Unie H.A.V.E.L.|TOP 09|ANO 2011|Dobrá volba 2016|SPR-Republ.str.Èsl. M.Sládka|Køes.demokr.unie-Ès.str.lid.|REALISTÉ|SPORTOVCI|Dìlnic.str.sociální spravedl.|Svob.a pø.dem.-T.Okamura (SPD)|Strana Práv Obèanù
533122;Zvolenìves;701;364;364;Obèanská demokratická strana|Øád národa - Vlastenecká unie|Èeská str.sociálnì demokrat.|STAROSTOVÉ A NEZÁVISLÍ|Komunistická str.Èech a Moravy|Strana zelenıch|Strana svobodnıch obèanù|Èeská pirátská strana|TOP 09|ANO 2011|Køes.demokr.unie-Ès.str.lid.|REALISTÉ|Svob.a pø.dem.-T.Okamura (SPD)
599425;elenice;151;91;91;Obèanská demokratická strana|Èeská str.sociálnì demokrat.|STAROSTOVÉ A NEZÁVISLÍ|Komunistická str.Èech a Moravy|Strana zelenıch|ROZUMNÍ-stop migraci,diktát.EU|Èeská pirátská strana|TOP 09|ANO 2011|Køes.demokr.unie-Ès.str.lid.|REALISTÉ|Svob.a pø.dem.-T.Okamura (SPD)
533149;ilina;645;427;425;Obèanská demokratická strana|Èeská str.sociálnì demokrat.|STAROSTOVÉ A NEZÁVISLÍ|Komunistická str.Èech a Moravy|Strana zelenıch|ROZUMNÍ-stop migraci,diktát.EU|Strana svobodnıch obèanù|Blok proti islam.-Obran.domova|Èeská pirátská strana|TOP 09|ANO 2011|Dobrá volba 2016|SPR-Republ.str.Èsl. M.Sládka|Køes.demokr.unie-Ès.str.lid.|REALISTÉ|SPORTOVCI|Svob.a pø.dem.-T.Okamura (SPD)|Strana Práv Obèanù
533157;iice;487;298;296;Obèanská demokratická strana|Øád národa - Vlastenecká unie|Èeská str.sociálnì demokrat.|STAROSTOVÉ A NEZÁVISLÍ|Komunistická str.Èech a Moravy|Strana zelenıch|ROZUMNÍ-stop migraci,diktát.EU|Strana svobodnıch obèanù|Blok proti islam.-Obran.domova|Èeská pirátská strana|TOP 09|ANO 2011|SPR-Republ.str.Èsl. M.Sládka|SPORTOVCI|Dìlnic.str.sociální spravedl.|Svob.a pø.dem.-T.Okamura (SPD)
